Country,Year,InjuriesPerMillion
Australia,2001,1417.6
Australia,2000,1383
Australia,1963,6224
Australia,1962,5795
Australia,1961,5626
Australia,1960,5998
Australia,1973,7050
Australia,1972,6747
Australia,1971,6967
Australia,1970,7320
Australia,1969,7165
Australia,1968,6846
Australia,1967,6782
Australia,1966,6710
Australia,1965,6853
Australia,1964,6677
Australia,1996,1201
Australia,1995,1238
Australia,1994,1240
Australia,1993,1220
Australia,1992,1230
Australia,1991,1303
Australia,1990,1463
Australia,1989,1694
Australia,1988,1797
Australia,1987,1826
Australia,1986,1821
Australia,1985,1853
Australia,1984,1848
Australia,1983,1824
Australia,1982,2019
Australia,1981,2152
Australia,1980,2181
Australia,1979,6400
Australia,1978,6500
Australia,1977,6455
Australia,1976,6257
Australia,1975,6442
Australia,1974,6656
Australia,2021,1537.9
Australia,2020,1477.4
Australia,2019,1571.6
Australia,2018,1584.7
Australia,2017,1599
Australia,2016,1610.6
Australia,2015,1557
Australia,2014,1512.8
Australia,2013,1513.4
Australia,2012,1496.6
Australia,2011,1523.4
Australia,2010,1478.2
Australia,2009,1540.9
Australia,2008,1561
Australia,2007,1548.9
Australia,2006,1565.3
Australia,2005,1506.4
Australia,2004,1441
Australia,2003,1434.7
Austria,1998,6403.2
Austria,1997,6474.7
Austria,1963,8077.6
Austria,1962,7788.8
Austria,1961,7971.9
Austria,1960,9242
Austria,1973,8975.1
Austria,1972,9546.4
Austria,1971,9610.3
Austria,1970,9394
Austria,1969,9123.2
Austria,1968,8910.6
Austria,1967,9046.1
Austria,1966,8637
Austria,1965,8250.3
Austria,1964,8405.5
Austria,1996,6241.1
Austria,1995,6386.8
Austria,1994,6781.4
Austria,1993,6828.9
Austria,1992,7330.1
Austria,1991,7761.4
Austria,1990,7877.6
Austria,1989,7934.2
Austria,1988,7602.7
Austria,1987,7550.9
Austria,1986,7700.1
Austria,1985,7906.7
Austria,1984,8221.7
Austria,1983,8539.2
Austria,1982,8218.6
Austria,1981,8233.2
Austria,1980,8267.6
Austria,1979,8063
Austria,1978,7777.7
Austria,1977,8197.5
Austria,1976,8015.3
Austria,1975,8692.7
Austria,1974,8677.3
Austria,2022,4778.8
Austria,2021,4567.8
Austria,2020,4231.3
Austria,2019,5084.7
Austria,2018,5264.4
Austria,2017,5373.2
Austria,2016,5537.1
Austria,2015,5488.8
Austria,2014,5579.4
Austria,2013,5667.4
Austria,2012,6040
Austria,2011,5367.4
Austria,2010,5484.7
Austria,2009,5893.2
Austria,2008,6071.1
Austria,2007,6414.7
Austria,2006,6280.9
Austria,2005,6472
Austria,2004,6837.3
Austria,2003,7006.6
Austria,2002,7013.5
Austria,2001,6996.1
Austria,2000,6856.2
Belgium,1998,6935
Belgium,1997,6831
Belgium,1963,9259
Belgium,1962,9239
Belgium,1961,9162
Belgium,1960,8593
Belgium,1973,9728
Belgium,1972,10657
Belgium,1971,9975
Belgium,1970,11007
Belgium,1969,10473
Belgium,1968,10037
Belgium,1967,9892
Belgium,1966,9833
Belgium,1965,10520
Belgium,1964,10508
Belgium,1996,6586
Belgium,1995,6935
Belgium,1994,7250
Belgium,1993,7538
Belgium,1992,7676
Belgium,1991,8061
Belgium,1990,8647
Belgium,1989,8722
Belgium,1988,8553
Belgium,1987,8301
Belgium,1986,8098
Belgium,1985,7559
Belgium,1984,8085
Belgium,1983,8057
Belgium,1982,7883
Belgium,1981,8078
Belgium,1980,8358
Belgium,1979,8313
Belgium,1978,8878
Belgium,1977,8737
Belgium,1976,8568
Belgium,1975,8385
Belgium,1974,8991
Belgium,2021,3630
Belgium,2020,3181.2
Belgium,2019,4034
Belgium,2018,4264.8
Belgium,2017,4258.6
Belgium,2016,4515.2
Belgium,2015,4600.7
Belgium,2014,4741.8
Belgium,2013,4751.3
Belgium,2012,5063.1
Belgium,2011,5551.9
Belgium,2010,5417.1
Belgium,2009,5685.4
Belgium,2008,5878.7
Belgium,2007,6056.2
Belgium,2006,6015.6
Belgium,2005,6023
Belgium,2004,6142
Belgium,2003,6406
Belgium,2002,6381
Belgium,2001,6477
Belgium,2000,6765
Canada,2008,5306
Canada,2007,5860
Canada,1973,9948
Canada,1972,9708
Canada,1971,8770
Canada,1970,6412
Canada,1983,8842
Canada,1982,8987
Canada,1981,10523
Canada,1980,10727
Canada,1979,10587
Canada,1978,10000
Canada,1977,9046
Canada,1976,8518
Canada,1975,9547
Canada,1974,10068
Canada,2006,6140
Canada,2005,6349
Canada,2004,6453
Canada,2003,6830
Canada,2002,7100
Canada,2001,6981
Canada,2000,7262
Canada,1999,7186
Canada,1998,7074
Canada,1997,7269
Canada,1996,7676
Canada,1995,8138
Canada,1994,8341
Canada,1993,8632
Canada,1992,8805
Canada,1991,8889
Canada,1990,9486
Canada,1989,10455
Canada,1988,10406
Canada,1987,10609
Canada,1986,10159
Canada,1985,10032
Canada,1984,9273
Canada,2021,2840
Canada,2020,2670
Canada,2019,3755
Canada,2018,4125
Canada,2017,4181
Canada,2016,4397
Canada,2015,4511
Canada,2014,4418
Canada,2013,4690
Canada,2012,4803
Canada,2011,4885
Canada,2010,5060
Chile,2010,3196.9
Chile,2009,3180.9
Chile,1975,1424.1
Chile,1974,1623.9
Chile,1973,2109.2
Chile,1972,2345.9
Chile,1985,1676.9
Chile,1984,2503.3
Chile,1983,2658.1
Chile,1982,2943.3
Chile,1981,2539.9
Chile,1980,2166.2
Chile,1979,1972.8
Chile,1978,1760.6
Chile,1977,1553.7
Chile,1976,1432.3
Chile,2008,3419.9
Chile,2007,3372
Chile,2006,2980.4
Chile,2005,2937.9
Chile,2004,2890
Chile,2003,2847.8
Chile,2002,2802.2
Chile,2001,2912
Chile,2000,3030.2
Chile,1999,3323.7
Chile,1998,3480.1
Chile,1997,3423.7
Chile,1996,3464
Chile,1995,3183.7
Chile,1994,2942.8
Chile,1993,3004.1
Chile,1992,2952.2
Chile,1991,2710
Chile,1990,2618.2
Chile,1989,2424
Chile,1988,2138.2
Chile,1987,1968.5
Chile,1986,1947.2
Chile,2021,2724.6
Chile,2020,2240.1
Chile,2019,3107
Chile,2018,3204.3
Chile,2017,3464.4
Chile,2016,3586.1
Chile,2015,3309.4
Chile,2014,3340
Chile,2013,3471.9
Chile,2012,3138.4
Costa Rica,2017,3901.4
Costa Rica,2016,4294.8
Costa Rica,2015,3754.6
Costa Rica,2014,3554.7
Costa Rica,2013,3487.9
Costa Rica,2012,2714.7
Costa Rica,2021,3448
Costa Rica,2020,2870.7
Costa Rica,2019,3786.9
Czechia,2008,2733
Czechia,2007,2828
Czechia,1973,3200
Czechia,1972,3292
Czechia,1971,3394
Czechia,1970,3389
Czechia,1983,2219
Czechia,1982,2116
Czechia,1981,2242
Czechia,1980,2311
Czechia,1979,2444
Czechia,1978,2833
Czechia,1977,3007
Czechia,1976,3062
Czechia,1975,2959
Czechia,1974,2956
Czechia,2006,2738
Czechia,2005,3147
Czechia,2004,3356
Czechia,2003,3474
Czechia,2002,3371
Czechia,2001,3294
Czechia,2000,3158
Czechia,1999,3376
Czechia,1998,3422
Czechia,1997,3553
Czechia,1996,3659
Czechia,1995,3578
Czechia,1994,3451
Czechia,1993,3124
Czechia,1992,3101
Czechia,1991,2668
Czechia,1990,2680
Czechia,1989,2342
Czechia,1988,2265
Czechia,1987,2158
Czechia,1986,2147
Czechia,1985,2207
Czechia,1984,2206
Czechia,2021,2070
Czechia,2020,2115
Czechia,2019,2434
Czechia,2018,2596
Czechia,2017,2550
Czechia,2016,2557
Czechia,2015,2551
Czechia,2014,2504
Czechia,2013,2406
Czechia,2012,2428
Czechia,2011,2434
Czechia,2010,2318
Denmark,2008,1078
Denmark,2007,1219
Denmark,1973,4671
Denmark,1972,4962
Denmark,1971,5314
Denmark,1970,5163
Denmark,1983,2569
Denmark,1982,2626
Denmark,1981,2665
Denmark,1980,2940
Denmark,1979,3222
Denmark,1978,3824
Denmark,1977,3862
Denmark,1976,3863
Denmark,1975,3972
Denmark,1974,3709
Denmark,2006,1198
Denmark,2005,1216
Denmark,2004,1396
Denmark,2003,1560
Denmark,2002,1635
Denmark,2001,1580
Denmark,2000,1703
Denmark,1999,1765
Denmark,1998,1730
Denmark,1997,1820
Denmark,1996,1864
Denmark,1995,1910
Denmark,1994,1874
Denmark,1993,1914
Denmark,1992,2033
Denmark,1991,1992
Denmark,1990,2072
Denmark,1989,2269
Denmark,1988,2298
Denmark,1987,2344
Denmark,1986,2616
Denmark,1985,2709
Denmark,1984,2683
Denmark,2021,445
Denmark,2020,472
Denmark,2019,529
Denmark,2018,567
Denmark,2017,545
Denmark,2016,563
Denmark,2015,555
Denmark,2014,566
Denmark,2013,605
Denmark,2012,646
Denmark,2011,725
Denmark,2010,749
Estonia,2014,1297
Estonia,2013,1313
Estonia,1979,1146
Estonia,1978,1153
Estonia,1977,1273
Estonia,1976,1300
Estonia,1989,1436
Estonia,1988,1248
Estonia,1987,1133
Estonia,1986,1121
Estonia,1985,998
Estonia,1984,1148
Estonia,1983,1114
Estonia,1982,1102
Estonia,1981,1174
Estonia,1980,1202
Estonia,2012,1300
Estonia,2011,1438
Estonia,2010,1298
Estonia,2009,1447
Estonia,2008,1793.4
Estonia,2007,2439.8
Estonia,2006,2604.7
Estonia,2005,2234.3
Estonia,2004,2110
Estonia,2003,1852.3
Estonia,2002,2079.2
Estonia,2001,1759.9
Estonia,2000,1319.3
Estonia,1999,1229
Estonia,1998,1436
Estonia,1997,1311
Estonia,1996,1093
Estonia,1995,1320
Estonia,1994,1253
Estonia,1993,1005
Estonia,1992,841
Estonia,1991,1393
Estonia,1990,1516
Estonia,2023,1422
Estonia,2022,1414
Estonia,2021,1331
Estonia,2020,1216
Estonia,2019,1332
Estonia,2018,1390
Estonia,2017,1317
Estonia,2016,1399
Finland,1998,1765
Finland,1997,1743
Finland,1963,2763
Finland,1962,2702
Finland,1961,2519
Finland,1960,2193
Finland,1973,3399
Finland,1972,3445
Finland,1971,3475
Finland,1970,3480
Finland,1969,3298
Finland,1968,3106
Finland,1967,3332
Finland,1966,3196
Finland,1965,3487
Finland,1964,3092
Finland,1996,1815
Finland,1995,1995
Finland,1994,1588
Finland,1993,1541
Finland,1992,1963
Finland,1991,2296
Finland,1990,2559
Finland,1989,2426
Finland,1988,2407
Finland,1987,2180
Finland,1986,2188
Finland,1985,1951
Finland,1984,1884
Finland,1983,1930
Finland,1982,1889
Finland,1981,1890
Finland,1980,1766
Finland,1979,1839
Finland,1978,1831
Finland,1977,2386
Finland,1976,2477
Finland,1975,3004
Finland,1974,3020
Finland,2021,701
Finland,2020,798
Finland,2019,908
Finland,2018,961
Finland,2017,1012
Finland,2016,1076
Finland,2015,1169
Finland,2014,1222
Finland,2013,1228
Finland,2012,1309
Finland,2011,1472
Finland,2010,1431
Finland,2009,1509
Finland,2008,1602
Finland,2007,1597
Finland,2006,1629
Finland,2005,1712
Finland,2004,1681
Finland,2003,1743
Finland,2002,1568
Finland,2001,1621
Finland,2000,1644
France,1998,2881
France,1997,2909
France,1963,5039
France,1962,4879
France,1961,4627
France,1960,4050
France,1973,7028
France,1972,7192
France,1971,6741
France,1970,6333
France,1969,6186
France,1968,6259
France,1967,6082
France,1966,5901
France,1965,5953
France,1964,5466
France,1996,2927
France,1995,3131
France,1994,3131
France,1993,3284
France,1992,3453
France,1991,3606
France,1990,3974
France,1989,4171
France,1988,4361
France,1987,4268
France,1986,4674
France,1985,4910
France,1984,5146
France,1983,5386
France,1982,5719
France,1981,5785
France,1980,6209
France,1979,6281
France,1978,6152
France,1977,6527
France,1976,6586
France,1975,6573
France,1974,6563
France,2022,996
France,2021,1025
France,2020,828
France,2019,1106
France,2018,1095
France,2017,1152
France,2016,1124
France,2015,1101
France,2014,1137
France,2013,1107
France,2012,1193
France,2011,1285
France,2010,1342
France,2009,1450
France,2008,1507
France,2007,1668
France,2006,1666
France,2005,1768
France,2004,1727
France,2003,1916
France,2002,2293
France,2001,2579
France,2000,2735
Germany,1998,6106
Germany,1997,6148
Germany,1963,7368
Germany,1962,7526
Germany,1961,7974
Germany,1960,8185
Germany,1973,7878
Germany,1972,8570
Germany,1971,8451
Germany,1970,8768
Germany,1969,7763
Germany,1968,7788
Germany,1967,7717
Germany,1966,7660
Germany,1965,7346
Germany,1964,7657
Germany,1996,6054
Germany,1995,6299
Germany,1994,6364
Germany,1993,6246
Germany,1992,6412
Germany,1991,6320
Germany,1990,7085
Germany,1989,7241
Germany,1988,7294
Germany,1987,6952
Germany,1986,7258
Germany,1985,6917
Germany,1984,7618
Germany,1983,7965
Germany,1982,7580
Germany,1981,7716
Germany,1980,8129
Germany,1979,7928
Germany,1978,8294
Germany,1977,8276
Germany,1976,7810
Germany,1975,7404
Germany,1974,7206
Germany,2021,3884
Germany,2020,3939
Germany,2019,4624
Germany,2018,4777
Germany,2017,4722
Germany,2016,4817
Germany,2015,4816
Germany,2014,4810
Germany,2013,4639
Germany,2012,4779
Germany,2011,4888
Germany,2010,4623
Germany,2009,4941
Germany,2008,5065
Germany,2007,5327
Germany,2006,5203
Germany,2005,5329
Germany,2004,5403
Germany,2003,5667
Germany,2002,5840
Germany,2001,6070
Germany,2000,6188
Greece,2001,2430
Greece,2000,2855
Greece,1966,2484
Greece,1965,2231
Greece,1964,2108
Greece,1963,1801
Greece,1976,2419
Greece,1975,2459
Greece,1974,2411
Greece,1973,2711
Greece,1972,2770
Greece,1971,2818
Greece,1970,2819
Greece,1969,2503
Greece,1968,2217
Greece,1967,2207
Greece,1999,3043
Greece,1998,3153
Greece,1997,3148
Greece,1996,3093
Greece,1995,2959
Greece,1994,2888
Greece,1993,2867
Greece,1992,2921
Greece,1991,2818
Greece,1990,2696
Greece,1989,2866
Greece,1988,2926
Greece,1987,2648
Greece,1986,2759
Greece,1985,3068
Greece,1984,3012
Greece,1983,2882
Greece,1982,3225
Greece,1981,2848
Greece,1980,2639
Greece,1979,2712
Greece,1978,2562
Greece,1977,2515
Greece,2022,1207
Greece,2021,1157
Greece,2020,1009
Greece,2019,1212
Greece,2018,1224
Greece,2017,1232
Greece,2016,1282
Greece,2015,1298
Greece,2014,1333
Greece,2013,1379
Greece,2012,1411
Greece,2011,1552
Greece,2010,1718
Greece,2009,1680
Greece,2008,1719
Greece,2007,1791
Greece,2006,1879
Greece,2005,2010
Greece,2004,1844
Greece,2003,1900
Hungary,2006,2907
Hungary,2005,2853
Hungary,1971,2961
Hungary,1970,2934
Hungary,1965,1859
Hungary,1960,751
Hungary,1981,2171
Hungary,1980,2225
Hungary,1979,2376
Hungary,1978,2330
Hungary,1977,2412
Hungary,1976,2261
Hungary,1975,2496
Hungary,1974,2566
Hungary,1973,2498
Hungary,1972,2583
Hungary,2004,2904
Hungary,2003,2760
Hungary,2002,2698
Hungary,2001,2492
Hungary,2000,2340
Hungary,1999,2537
Hungary,1998,2704
Hungary,1997,2541
Hungary,1996,2455
Hungary,1995,2660
Hungary,1994,2758
Hungary,1993,2617
Hungary,1992,3344
Hungary,1991,3354
Hungary,1990,3801
Hungary,1989,3030
Hungary,1988,2621
Hungary,1987,2399
Hungary,1986,2335
Hungary,1985,2333
Hungary,1984,2321
Hungary,1983,2235
Hungary,1982,2122
Hungary,2022,2082
Hungary,2021,1971
Hungary,2020,1864
Hungary,2019,2272
Hungary,2018,2315
Hungary,2017,2255
Hungary,2016,2235
Hungary,2015,2189
Hungary,2014,2103
Hungary,2013,2090
Hungary,2012,1974
Hungary,2011,2090
Hungary,2010,2166
Hungary,2009,2404
Hungary,2008,2626
Iceland,2004,3951
Iceland,2003,4220.9
Iceland,1969,3686
Iceland,1968,3255
Iceland,1967,2788
Iceland,1966,3604
Iceland,1979,2610
Iceland,1978,3172
Iceland,1977,2417
Iceland,1976,2484
Iceland,1975,3092
Iceland,1974,6315
Iceland,1973,5732
Iceland,1972,5712
Iceland,1971,5179
Iceland,1970,4553
Iceland,2002,5164.2
Iceland,2001,4483.4
Iceland,2000,5292.5
Iceland,1999,6151.1
Iceland,1998,5763.5
Iceland,1997,5522
Iceland,1996,5793.4
Iceland,1995,6099.9
Iceland,1994,5538
Iceland,1993,5436.3
Iceland,1992,5082.3
Iceland,1991,4364.9
Iceland,1990,3363.6
Iceland,1989,3177.1
Iceland,1988,3645.7
Iceland,1987,3882.7
Iceland,1986,3157.8
Iceland,1985,3682.6
Iceland,1984,3181.7
Iceland,1983,2586.1
Iceland,1982,3179.5
Iceland,1981,3063.2
Iceland,1980,3007
Iceland,2022,2934.5
Iceland,2021,3095.1
Iceland,2020,2747.9
Iceland,2019,3134
Iceland,2018,3603.4
Iceland,2017,3992.4
Iceland,2016,4206.4
Iceland,2015,3953.9
Iceland,2014,3567.7
Iceland,2013,3758.9
Iceland,2012,3227.2
Iceland,2011,3814.9
Iceland,2010,3965.3
Iceland,2009,4015.7
Iceland,2008,4925.6
Iceland,2007,5324.4
Iceland,2006,4360.3
Ireland,1998,3439
Ireland,1997,3582
Ireland,1963,1552
Ireland,1962,1823
Ireland,1961,1807
Ireland,1960,1923
Ireland,1973,2851
Ireland,1972,2961
Ireland,1971,3233
Ireland,1970,3142
Ireland,1969,3269
Ireland,1968,3335
Ireland,1967,1963
Ireland,1966,1744
Ireland,1965,1846
Ireland,1964,1698
Ireland,1996,3673
Ireland,1995,3519
Ireland,1994,2855
Ireland,1993,2759
Ireland,1992,2871
Ireland,1991,2802
Ireland,1990,2692
Ireland,1989,2504
Ireland,1988,2385
Ireland,1987,2373
Ireland,1986,2350
Ireland,1985,2208
Ireland,1984,2326
Ireland,1983,2267
Ireland,1982,2301
Ireland,1981,2406
Ireland,1980,2500
Ireland,1979,2450
Ireland,1978,2810
Ireland,1977,2602
Ireland,1976,2416
Ireland,1975,2266
Ireland,1974,2653
Ireland,2022,1431.7
Ireland,2021,1237.2
Ireland,2020,1126.1
Ireland,2019,1655.6
Ireland,2018,1646
Ireland,2017,1620
Ireland,2016,1627
Ireland,2015,1665
Ireland,2014,1732
Ireland,2013,1498
Ireland,2012,1735
Ireland,2011,1588
Ireland,2010,1815
Ireland,2009,2149
Ireland,2008,2168
Ireland,2007,1770
Ireland,2006,1998
Ireland,2005,2278
Ireland,2004,1955
Ireland,2003,2109
Ireland,2002,2385
Ireland,2001,2693
Ireland,2000,3213
Israel,1998,8595
Israel,1997,8571
Israel,1963,5809
Israel,1962,5189
Israel,1961,4986
Israel,1960,4897
Israel,1973,6420
Israel,1972,6733
Israel,1971,6641
Israel,1970,6388
Israel,1969,5901
Israel,1968,5479
Israel,1967,5400
Israel,1966,5799
Israel,1965,5907
Israel,1964,6337
Israel,1996,8522
Israel,1995,7355
Israel,1994,7146
Israel,1993,7629
Israel,1992,7745
Israel,1991,6680
Israel,1990,6117
Israel,1989,5450
Israel,1988,5283
Israel,1987,5309
Israel,1986,5140
Israel,1985,4598
Israel,1984,4734
Israel,1983,5021
Israel,1982,4778
Israel,1981,4922
Israel,1980,4798
Israel,1979,5590
Israel,1978,6644
Israel,1977,6404
Israel,1976,6054
Israel,1975,6252
Israel,1974,6170
Israel,2022,1875
Israel,2021,2120
Israel,2020,1945
Israel,2019,2500
Israel,2018,2556
Israel,2017,2826
Israel,2016,2787
Israel,2015,2851
Israel,2014,2863
Israel,2013,3233
Israel,2012,3174
Israel,2011,3639
Israel,2010,3824
Israel,2009,4394
Israel,2008,4504
Israel,2007,4714
Israel,2006,5228
Israel,2005,5261
Israel,2004,5531
Israel,2003,5670
Israel,2002,5946
Israel,2001,5929
Israel,2000,6622
Italy,1998,5164
Italy,1997,4763
Italy,1963,4507
Italy,1962,4467
Italy,1961,4387
Italy,1960,4010
Italy,1973,4850
Italy,1972,4924
Italy,1971,4521
Italy,1970,4241
Italy,1969,4329
Italy,1968,4416
Italy,1967,4298
Italy,1966,4102
Italy,1965,4184
Italy,1964,4554
Italy,1996,4647
Italy,1995,4566
Italy,1994,4208
Italy,1993,3802
Italy,1992,4245
Italy,1991,4239
Italy,1990,3897
Italy,1989,3817
Italy,1988,4029
Italy,1987,3843
Italy,1986,3766
Italy,1985,3819
Italy,1984,3845
Italy,1983,3885
Italy,1982,3845
Italy,1981,3986
Italy,1980,3949
Italy,1979,3934
Italy,1978,3696
Italy,1977,3741
Italy,1976,3912
Italy,1975,4147
Italy,1974,4251
Italy,2021,3511
Italy,2020,2679
Italy,2019,4041
Italy,2018,4057
Italy,2017,4076
Italy,2016,4110
Italy,2015,4066
Italy,2014,4131
Italy,2013,4256
Italy,2012,4434
Italy,2011,4865
Italy,2010,5094
Italy,2009,5159
Italy,2008,5248
Italy,2007,5546
Italy,2006,5701
Italy,2005,5757
Italy,2004,5934
Italy,2003,6210
Italy,2002,6630
Italy,2001,6551
Italy,2000,6322
Japan,2004,9270
Japan,2003,9259
Japan,1969,9431
Japan,1968,8172
Japan,1967,6541
Japan,1966,5228
Japan,1979,5134
Japan,1978,5158
Japan,1977,5196
Japan,1976,5429
Japan,1975,5561
Japan,1974,5891
Japan,1973,7240
Japan,1972,8264
Japan,1971,9032
Japan,1970,9459
Japan,2002,9166
Japan,2001,9278
Japan,2000,9105
Japan,1999,8291
Japan,1998,7832
Japan,1997,7601
Japan,1996,7486
Japan,1995,7348
Japan,1994,7052
Japan,1993,7042
Japan,1992,6782
Japan,1991,6532
Japan,1990,6393
Japan,1989,6614
Japan,1988,6133
Japan,1987,5908
Japan,1986,5855
Japan,1985,5629
Japan,1984,5356
Japan,1983,5478
Japan,1982,5274
Japan,1981,5151
Japan,1980,5115
Japan,2023,2921.5
Japan,2022,2854
Japan,2021,2885.5
Japan,2020,2929
Japan,2019,3652
Japan,2018,4158.8
Japan,2017,4584.2
Japan,2016,4875.4
Japan,2015,5240
Japan,2014,5598
Japan,2013,6139
Japan,2012,6473
Japan,2011,6687
Japan,2010,6999
Japan,2009,7146
Japan,2008,7406
Japan,2007,8098
Japan,2006,8598
Korea,1998,7335
Korea,1997,7461
Korea,1963,273
Korea,1962,245
Korea,1961,280
Korea,1960,350
Korea,1973,1418
Korea,1972,1419
Korea,1971,1611
Korea,1970,1328
Korea,1969,1217
Korea,1968,972
Korea,1967,833
Korea,1966,637
Korea,1965,529
Korea,1964,345
Korea,1996,7816
Korea,1995,7357
Korea,1994,7860
Korea,1993,7641
Korea,1992,7451
Korea,1991,7659
Korea,1990,7565
Korea,1989,7677
Korea,1988,6846
Korea,1987,5351
Korea,1986,4701
Korea,1985,4520
Korea,1984,4217
Korea,1983,3823
Korea,1982,3321
Korea,1981,2977
Korea,1980,2928
Korea,1979,2823
Korea,1978,2474
Korea,1977,2118
Korea,1976,1831
Korea,1975,1732
Korea,1974,1385
Korea,2021,5627
Korea,2020,5913
Korea,2019,6608
Korea,2018,6256
Korea,2017,6275
Korea,2016,6530
Korea,2015,6923
Korea,2014,6693
Korea,2013,6545
Korea,2012,6891
Korea,2011,6858
Korea,2010,7133
Korea,2009,7358
Korea,2008,6925
Korea,2007,6912
Korea,2006,7034
Korea,2005,7109
Korea,2004,7223
Korea,2003,7867
Korea,2002,7311
Korea,2001,8162
Korea,2000,9083
Latvia,2010,1918
Latvia,2009,1835
Latvia,1998,2246
Latvia,1997,1921
Latvia,1996,1760
Latvia,1995,1973
Latvia,2008,2483
Latvia,2007,2765
Latvia,2006,2434
Latvia,2005,2501
Latvia,2004,2835
Latvia,2003,2902
Latvia,2002,2727
Latvia,2001,2503
Latvia,2000,2301
Latvia,1999,2194
Latvia,2020,2134
Latvia,2019,2383
Latvia,2018,2491
Latvia,2017,2485
Latvia,2016,2372
Latvia,2015,2309
Latvia,2014,2308
Latvia,2013,2155
Latvia,2012,2055
Lithuania,2010,1366
Lithuania,2009,1399
Lithuania,1998,2160
Lithuania,1997,1734
Lithuania,1996,1450
Lithuania,1995,1242
Lithuania,2008,1819
Lithuania,2007,2489
Lithuania,2006,2524
Lithuania,2005,2548
Lithuania,2004,2328
Lithuania,2003,2128
Lithuania,2002,2157
Lithuania,2001,2046
Lithuania,2000,1989
Lithuania,1999,2184
Lithuania,2023,1145
Lithuania,2022,1183
Lithuania,2021,1133
Lithuania,2020,1125
Lithuania,2019,1341
Lithuania,2018,1202
Lithuania,2017,1253
Lithuania,2016,1303
Lithuania,2015,1235
Lithuania,2014,1276
Lithuania,2013,1353
Lithuania,2012,1322
Luxembourg,1998,3570
Luxembourg,1997,3570
Luxembourg,1963,7639
Luxembourg,1962,7760
Luxembourg,1961,7675
Luxembourg,1960,7172
Luxembourg,1973,8035
Luxembourg,1972,7550
Luxembourg,1971,6907
Luxembourg,1970,6966
Luxembourg,1969,6109
Luxembourg,1968,6429
Luxembourg,1967,7054
Luxembourg,1966,6554
Luxembourg,1965,7813
Luxembourg,1964,7890
Luxembourg,1996,3711
Luxembourg,1995,4054
Luxembourg,1994,3839
Luxembourg,1993,4126
Luxembourg,1992,3978
Luxembourg,1991,4207
Luxembourg,1990,4630
Luxembourg,1989,4884
Luxembourg,1988,4969
Luxembourg,1987,4525
Luxembourg,1986,5367
Luxembourg,1985,5438
Luxembourg,1984,5781
Luxembourg,1983,5790
Luxembourg,1982,5373
Luxembourg,1981,5855
Luxembourg,1980,6253
Luxembourg,1979,6285
Luxembourg,1978,5998
Luxembourg,1977,6868
Luxembourg,1976,6767
Luxembourg,1975,7667
Luxembourg,1974,7736
Luxembourg,2021,1939
Luxembourg,2020,1524
Luxembourg,2019,2085
Luxembourg,2018,2001
Luxembourg,2017,2131
Luxembourg,2016,2059
Luxembourg,2015,2367
Luxembourg,2014,2196
Luxembourg,2013,2296
Luxembourg,2012,2593
Luxembourg,2011,2518
Luxembourg,2010,2335
Luxembourg,2009,2320
Luxembourg,2008,2533
Luxembourg,2007,2758
Luxembourg,2006,2303
Luxembourg,2005,2263
Luxembourg,2004,2159
Luxembourg,2003,2326
Luxembourg,2002,2463
Luxembourg,2001,2661
Luxembourg,2000,2872
Mexico,2016,886.5
Mexico,2015,1013.1
Mexico,1981,1307
Mexico,1980,1373
Mexico,1979,1307
Mexico,1978,1216
Mexico,1991,1043
Mexico,1990,1080
Mexico,1989,1314
Mexico,1988,1168
Mexico,1987,1335
Mexico,1986,1059
Mexico,1985,1227
Mexico,1984,1122
Mexico,1983,1068
Mexico,1982,1218
Mexico,2014,1131.4
Mexico,2013,1214.2
Mexico,2012,1314.3
Mexico,2011,1402.4
Mexico,2010,1514.8
Mexico,2009,1655.3
Mexico,2008,1702.3
Mexico,2007,1772.9
Mexico,2006,1702.9
Mexico,2005,1683.5
Mexico,2004,1531.6
Mexico,2003,1657.5
Mexico,2002,1676.3
Mexico,2001,1652.1
Mexico,2000,1568.4
Mexico,1999,1407.3
Mexico,1998,1363.9
Mexico,1997,1372.2
Mexico,1996,1183
Mexico,1995,1243
Mexico,1994,1247
Mexico,1993,1165
Mexico,1992,1149
Mexico,2021,703.1
Mexico,2020,615.4
Mexico,2019,792.1
Mexico,2018,781.8
Netherlands,1999,3232
Netherlands,1997,3143
Netherlands,1963,4280
Netherlands,1962,4282
Netherlands,1961,4311
Netherlands,1960,4212
Netherlands,1973,5236
Netherlands,1972,5258
Netherlands,1971,5470
Netherlands,1970,5281
Netherlands,1969,5249
Netherlands,1968,4878
Netherlands,1967,4851
Netherlands,1966,5243
Netherlands,1965,5035
Netherlands,1964,4881
Netherlands,1996,3193
Netherlands,1995,3297
Netherlands,1994,3195
Netherlands,1993,3112
Netherlands,1992,3183
Netherlands,1991,3145
Netherlands,1990,3480
Netherlands,1989,3388
Netherlands,1988,3251
Netherlands,1987,3354
Netherlands,1986,3437
Netherlands,1985,3343
Netherlands,1984,3513
Netherlands,1983,3652
Netherlands,1982,3648
Netherlands,1981,3756
Netherlands,1980,4002
Netherlands,1979,4033
Netherlands,1978,4456
Netherlands,1977,4653
Netherlands,1976,4523
Netherlands,1975,4389
Netherlands,1974,4888
Netherlands,2021,1143
Netherlands,2020,1062
Netherlands,2019,1203
Netherlands,2018,1221
Netherlands,2017,1197
Netherlands,2016,1213
Netherlands,2015,1196
Netherlands,2014,869
Netherlands,2013,633
Netherlands,2012,330
Netherlands,2011,348
Netherlands,2010,750
Netherlands,2009,1346
Netherlands,2008,1673
Netherlands,2007,1853
Netherlands,2006,1747
Netherlands,2005,1950
Netherlands,2004,2045
Netherlands,2003,2341
Netherlands,2002,2519
Netherlands,2001,2668
New Zealand,2015,8278
New Zealand,2014,7462
New Zealand,2003,10403.1
New Zealand,2002,10087.6
New Zealand,2001,9047.9
New Zealand,2000,10132.9
New Zealand,2013,7854
New Zealand,2012,7889
New Zealand,2011,8073
New Zealand,2010,9526.8
New Zealand,2009,9137
New Zealand,2008,10378
New Zealand,2007,11325.9
New Zealand,2006,10956.8
New Zealand,2005,10669.6
New Zealand,2004,10164.9
New Zealand,2020,7035.4
New Zealand,2019,8042.5
New Zealand,2018,8297.8
New Zealand,2017,8583
Norway,1998,2735
Norway,1997,2684
Norway,1963,2080
Norway,1962,1925
Norway,1961,1881
Norway,1960,1725
Norway,1973,2770
Norway,1972,2877
Norway,1971,2839
Norway,1970,3033
Norway,1969,2938
Norway,1968,2722
Norway,1967,2669
Norway,1966,2413
Norway,1965,2198
Norway,1964,2179
Norway,1996,2745
Norway,1995,2697
Norway,1994,2593
Norway,1993,2675
Norway,1992,2661
Norway,1991,2748
Norway,1990,2802
Norway,1989,2718
Norway,1988,2604
Norway,1987,2649
Norway,1986,2881
Norway,1985,2866
Norway,1984,2680
Norway,1983,2569
Norway,1982,2535
Norway,1981,2556
Norway,1980,2508
Norway,1979,2688
Norway,1978,3047
Norway,1977,3173
Norway,1976,2582
Norway,1975,2738
Norway,1974,2569
Norway,2022,822
Norway,2021,844
Norway,2020,825
Norway,2019,815
Norway,2018,930
Norway,2017,997
Norway,2016,1058
Norway,2015,1096
Norway,2014,1225
Norway,2013,1347
Norway,2012,1633
Norway,2011,1688
Norway,2010,1867
Norway,2009,2039
Norway,2008,2279
Norway,2007,2566
Norway,2006,2387
Norway,2005,2426
Norway,2004,2640
Norway,2003,2596
Norway,2002,2731
Norway,2001,2553
Norway,2000,2597
Poland,2006,1551
Poland,2005,1604
Poland,1971,1170
Poland,1970,1058
Poland,1965,657
Poland,1960,719
Poland,1981,1424
Poland,1980,1294
Poland,1979,1270
Poland,1978,1305
Poland,1977,1338
Poland,1976,1361
Poland,1975,1363
Poland,1974,1215
Poland,1973,1315
Poland,1972,1314
Poland,2004,1694
Poland,2003,1673
Poland,2002,1766
Poland,2001,1783
Poland,2000,1873
Poland,1999,1789
Poland,1998,2026
Poland,1997,2172
Poland,1996,1865
Poland,1995,1834
Poland,1994,1688
Poland,1993,1538
Poland,1992,1598
Poland,1991,1710
Poland,1990,1566
Poland,1989,1412
Poland,1988,1152
Poland,1987,1119
Poland,1986,1148
Poland,1985,1133
Poland,1984,1115
Poland,1983,1292
Poland,1982,1255
Poland,2022,655
Poland,2021,697
Poland,2020,695
Poland,2019,924
Poland,2018,973
Poland,2017,1027
Poland,2016,1061
Poland,2015,1034
Poland,2014,1106
Poland,2013,1144
Poland,2012,1188
Poland,2011,1296
Poland,2010,1282
Poland,2009,1469
Poland,2008,1628
Portugal,2008,4155
Portugal,2007,4385
Portugal,1973,2878
Portugal,1972,3981
Portugal,1971,3610
Portugal,1970,3324
Portugal,1983,4219
Portugal,1982,4956
Portugal,1981,4719
Portugal,1980,4209
Portugal,1979,3916
Portugal,1978,3762
Portugal,1977,3707
Portugal,1976,3806
Portugal,1975,4451
Portugal,1974,3059
Portugal,2006,4473
Portugal,2005,4678
Portugal,2004,4949
Portugal,2003,5268
Portugal,2002,5414
Portugal,2001,5488
Portugal,2000,5804
Portugal,1999,6372
Portugal,1998,6555
Portugal,1997,6580
Portugal,1996,6620
Portugal,1995,6565
Portugal,1994,6524
Portugal,1993,7023
Portugal,1992,7194
Portugal,1991,7044
Portugal,1990,6368
Portugal,1989,6191
Portugal,1988,5972
Portugal,1987,5455
Portugal,1986,4105
Portugal,1985,3952
Portugal,1984,3941
Portugal,2022,4061
Portugal,2021,3652
Portugal,2020,3268
Portugal,2019,4572
Portugal,2018,4386
Portugal,2017,4423
Portugal,2016,4140
Portugal,2015,4110
Portugal,2014,3897
Portugal,2013,3706
Portugal,2012,3624
Portugal,2011,3974
Portugal,2010,4385
Slovak Republic,2008,2014
Slovak Republic,2007,2069
Slovak Republic,1996,2168
Slovak Republic,1995,2158
Slovak Republic,1994,2056
Slovak Republic,1993,2144
Slovak Republic,2006,1986
Slovak Republic,2005,1940
Slovak Republic,2004,2078
Slovak Republic,2003,2103
Slovak Republic,2002,1905
Slovak Republic,2001,2013
Slovak Republic,2000,1869
Slovak Republic,1999,2125
Slovak Republic,1998,2393
Slovak Republic,1997,2335
Slovak Republic,2020,982
Slovak Republic,2019,1201
Slovak Republic,2018,1266
Slovak Republic,2017,1261
Slovak Republic,2016,1272
Slovak Republic,2015,1245
Slovak Republic,2014,1221
Slovak Republic,2013,1166
Slovak Republic,2012,1191
Slovak Republic,2011,1307
Slovak Republic,2010,1495
Slovenia,2012,4518.9
Slovenia,2011,4712.8
Slovenia,2000,5815.3
Slovenia,1999,4522.7
Slovenia,1998,3691.1
Slovenia,1997,4337.5
Slovenia,2010,5034
Slovenia,2009,5931.4
Slovenia,2008,6135.1
Slovenia,2007,7941.4
Slovenia,2006,8003.4
Slovenia,2005,7153
Slovenia,2004,9375.5
Slovenia,2003,8365
Slovenia,2002,6979.9
Slovenia,2001,6361.8
Slovenia,2022,3468.9
Slovenia,2021,3055.5
Slovenia,2020,2729.4
Slovenia,2019,3662.5
Slovenia,2018,3737.1
Slovenia,2017,3909.7
Slovenia,2016,4127.9
Slovenia,2015,4252.9
Slovenia,2014,4032.7
Spain,2008,2849
Spain,2007,3152
Spain,1973,2880
Spain,1972,2871
Spain,1971,2556
Spain,1970,2553
Spain,1983,2945
Spain,1982,2639
Spain,1981,2813
Spain,1980,2869
Spain,1979,3072
Spain,1978,2993
Spain,1977,2817
Spain,1976,2747
Spain,1975,2615
Spain,1974,2706
Spain,2006,3235
Spain,2005,3043
Spain,2004,3230
Spain,2003,3571
Spain,2002,3548
Spain,2001,3671
Spain,2000,3695
Spain,1999,3541
Spain,1998,3516
Spain,1997,3127
Spain,1996,3113
Spain,1995,3057
Spain,1994,2891
Spain,1993,3007
Spain,1992,3331
Spain,1991,3814
Spain,1990,4002
Spain,1989,4367
Spain,1988,4260
Spain,1987,3970
Spain,1986,3559
Spain,1985,3300
Spain,1984,3018
Spain,2022,2674.6
Spain,2021,2481.6
Spain,2020,1996.8
Spain,2019,2958.4
Spain,2018,2966.2
Spain,2017,2990.5
Spain,2016,3022.4
Spain,2015,2897.1
Spain,2014,2725.9
Spain,2013,2678
Spain,2012,2479
Spain,2011,2475
Spain,2010,2586
Sweden,1998,2413
Sweden,1997,2406
Sweden,1963,3077
Sweden,1962,2967
Sweden,1961,3045
Sweden,1960,2879
Sweden,1973,2771
Sweden,1972,2617
Sweden,1971,2701
Sweden,1970,2764
Sweden,1969,2912
Sweden,1968,2911
Sweden,1967,2669
Sweden,1966,2745
Sweden,1965,3054
Sweden,1964,3255
Sweden,1996,2354
Sweden,1995,2399
Sweden,1994,2401
Sweden,1993,2264
Sweden,1992,2391
Sweden,1991,2444
Sweden,1990,2629
Sweden,1989,2771
Sweden,1988,2707
Sweden,1987,2437
Sweden,1986,2582
Sweden,1985,2476
Sweden,1984,2475
Sweden,1983,2378
Sweden,1982,2316
Sweden,1981,2230
Sweden,1980,2316
Sweden,1979,2357
Sweden,1978,2486
Sweden,1977,2535
Sweden,1976,2657
Sweden,1975,2540
Sweden,1974,2561
Sweden,2022,1473
Sweden,2021,1546.2
Sweden,2020,1499.1
Sweden,2019,1738.5
Sweden,2018,1842.8
Sweden,2017,1971
Sweden,2016,1894.2
Sweden,2015,2020.3
Sweden,2014,1826.1
Sweden,2013,2127
Sweden,2012,2398
Sweden,2011,2366
Sweden,2010,2485
Sweden,2009,2719
Sweden,2008,2847
Sweden,2007,2912
Sweden,2006,2923
Sweden,2005,2924
Sweden,2004,2950
Sweden,2003,3020
Sweden,2002,2768
Sweden,2001,2510
Sweden,2000,2483
Switzerland,1998,3872
Switzerland,1997,3815
Switzerland,1963,5412
Switzerland,1962,6324
Switzerland,1961,6616
Switzerland,1960,6421
Switzerland,1973,5092
Switzerland,1972,5805
Switzerland,1971,5870
Switzerland,1970,5739
Switzerland,1969,5483
Switzerland,1968,5250
Switzerland,1967,5205
Switzerland,1966,5102
Switzerland,1965,4907
Switzerland,1964,5422
Switzerland,1996,3721
Switzerland,1995,4051
Switzerland,1994,4161
Switzerland,1993,4036
Switzerland,1992,4172
Switzerland,1991,4153
Switzerland,1990,4357
Switzerland,1989,4537
Switzerland,1988,4509
Switzerland,1987,4548
Switzerland,1986,4617
Switzerland,1985,4566
Switzerland,1984,4701
Switzerland,1983,5009
Switzerland,1982,4849
Switzerland,1981,4931
Switzerland,1980,5063
Switzerland,1979,5108
Switzerland,1978,5101
Switzerland,1977,4941
Switzerland,1976,4544
Switzerland,1975,4677
Switzerland,1974,4915
Switzerland,2022,2495
Switzerland,2021,2290
Switzerland,2020,2292
Switzerland,2019,2482
Switzerland,2018,2564
Switzerland,2017,2534
Switzerland,2016,2555
Switzerland,2015,2600
Switzerland,2014,2628
Switzerland,2013,2643
Switzerland,2012,2778
Switzerland,2011,2937
Switzerland,2010,3097
Switzerland,2009,3245
Switzerland,2008,3342
Switzerland,2007,3575
Switzerland,2006,3546
Switzerland,2005,3573
Switzerland,2004,3862
Switzerland,2003,4071
Switzerland,2002,4056
Switzerland,2001,4138
Switzerland,2000,4146
Türkiye,1998,1931
Türkiye,1997,1667
Türkiye,1963,405
Türkiye,1962,404
Türkiye,1961,366
Türkiye,1960,281
Türkiye,1973,641
Türkiye,1972,558
Türkiye,1971,516
Türkiye,1970,496
Türkiye,1969,500
Türkiye,1968,503
Türkiye,1967,465
Türkiye,1966,330
Türkiye,1965,438
Türkiye,1964,437
Türkiye,1996,1668
Türkiye,1995,1854
Türkiye,1994,1729
Türkiye,1993,1754
Türkiye,1992,1624
Türkiye,1991,1580
Türkiye,1990,1560
Türkiye,1989,1458
Türkiye,1988,1474
Türkiye,1987,1528
Türkiye,1986,1386
Türkiye,1985,1025
Türkiye,1984,1003
Türkiye,1983,922
Türkiye,1982,766
Türkiye,1981,642
Türkiye,1980,536
Türkiye,1979,582
Türkiye,1978,713
Türkiye,1977,794
Türkiye,1976,738
Türkiye,1975,771
Türkiye,1974,642
Türkiye,2022,3385
Türkiye,2021,3243
Türkiye,2020,2706
Türkiye,2019,3406
Türkiye,2018,3744
Türkiye,2017,3717
Türkiye,2016,3806
Türkiye,2015,3866
Türkiye,2014,3669
Türkiye,2013,3585
Türkiye,2012,3545
Türkiye,2011,3186
Türkiye,2010,2869
Türkiye,2009,2775
Türkiye,2008,2579
Türkiye,2007,2678
Türkiye,2006,2425
Türkiye,2005,2238
Türkiye,2004,2006
Türkiye,2003,1759
Türkiye,2002,1753
Türkiye,2001,1771
Türkiye,2000,2113
United Kingdom,1999,5627
United Kingdom,1998,5503
United Kingdom,1963,6752
United Kingdom,1962,6517
United Kingdom,1961,6726
United Kingdom,1960,6742
United Kingdom,1973,6436
United Kingdom,1972,6564
United Kingdom,1971,6439
United Kingdom,1970,6679
United Kingdom,1969,6494
United Kingdom,1968,6457
United Kingdom,1967,6858
United Kingdom,1966,7306
United Kingdom,1965,7443
United Kingdom,1964,7256
United Kingdom,1997,5560
United Kingdom,1996,5445
United Kingdom,1995,5488
United Kingdom,1994,5384
United Kingdom,1993,5236
United Kingdom,1992,5475
United Kingdom,1991,5481
United Kingdom,1990,6036
United Kingdom,1989,6061
United Kingdom,1988,5831
United Kingdom,1986,5721
United Kingdom,1985,5660
United Kingdom,1984,5792
United Kingdom,1983,5511
United Kingdom,1982,5971
United Kingdom,1981,5795
United Kingdom,1980,5852
United Kingdom,1979,5972
United Kingdom,1978,6374
United Kingdom,1977,6339
United Kingdom,1976,6177
United Kingdom,1975,5915
United Kingdom,1974,5906
United Kingdom,2021,1996
United Kingdom,2020,1797
United Kingdom,2019,2399
United Kingdom,2018,2521
United Kingdom,2017,2700
United Kingdom,2016,2881
United Kingdom,2015,2981
United Kingdom,2014,3127
United Kingdom,2013,2981
United Kingdom,2012,3185
United Kingdom,2011,3330
United Kingdom,2010,3437
United Kingdom,2009,3687
United Kingdom,2008,3847
United Kingdom,2007,4145
United Kingdom,2006,4345
United Kingdom,2005,4566
United Kingdom,2004,4787
United Kingdom,2003,4985
United Kingdom,2002,5238
United Kingdom,2001,5462
United States,2008,7705
United States,2007,8258
United States,1973,9438
United States,1972,10005
United States,1971,9631
United States,1970,9754
United States,1983,14652
United States,1982,13778
United States,1981,15141
United States,1980,12506
United States,1979,8887
United States,1978,8985
United States,1977,8627
United States,1976,8256
United States,1975,8334
United States,1974,8417
United States,2006,8616
United States,2005,9114
United States,2004,9498
United States,2003,9928
United States,2002,10143
United States,2001,10612
United States,2000,11273
United States,1999,11568
United States,1998,11550
United States,1997,12460
United States,1996,13029
United States,1995,12716
United States,1994,12210
United States,1993,11995
United States,1992,12040
United States,1991,12280
United States,1990,12944
United States,1989,13300
United States,1988,13970
United States,1987,14424.9
United States,1986,14198.9
United States,1985,14211
United States,1984,15075
United States,2021,7502
United States,2020,6895
United States,2019,8326
United States,2018,8294
United States,2017,8461
United States,2016,9504
United States,2015,7673
United States,2014,7333
United States,2013,7312
United States,2012,7526
United States,2011,7130
United States,2010,7254
Bulgaria,2010,1072
Bulgaria,2009,1144
Bulgaria,1998,966
Bulgaria,1997,843
Bulgaria,1996,876
Bulgaria,1995,1037
Bulgaria,2008,1305
Bulgaria,2007,1283
Bulgaria,2006,932
Bulgaria,2005,1306
Bulgaria,2004,1196
Bulgaria,2003,1085
Bulgaria,2002,1029
Bulgaria,2001,1009
Bulgaria,2000,983
Bulgaria,1999,1102
Bulgaria,2021,1106
Bulgaria,2020,1027
Bulgaria,2019,1218
Bulgaria,2018,1204
Bulgaria,2017,1227
Bulgaria,2016,1315
Bulgaria,2015,1250
Bulgaria,2014,1196
Bulgaria,2013,1208
Bulgaria,2012,1121
Croatia,2010,4269
Croatia,2009,5093
Croatia,1998,3998
Croatia,1997,3580
Croatia,1996,3551
Croatia,1995,3824
Croatia,2008,5197
Croatia,2007,5819
Croatia,2006,5364
Croatia,2005,5050
Croatia,2004,5634
Croatia,2003,6074
Croatia,2002,5556
Croatia,2001,5137
Croatia,2000,4588
Croatia,1999,0
Croatia,2021,3009
Croatia,2020,2479
Croatia,2019,3165
Croatia,2018,3420
Croatia,2017,3537
Croatia,2016,3498
Croatia,2015,3570
Croatia,2014,3357
Croatia,2013,3592
Croatia,2012,3751
Romania,2010,1601
Romania,2009,1744
Romania,1998,321
Romania,1997,330
Romania,1996,332
Romania,1995,340
Romania,2008,1798
Romania,2007,1418
Romania,2006,1233
Romania,2005,1088
Romania,2004,313
Romania,2003,300
Romania,2002,314
Romania,2001,301
Romania,2000,323
Romania,1999,335
Romania,2021,1747
Romania,2020,1472
Romania,2019,2045
Romania,2018,1987
Romania,2017,2052
Romania,2016,2008
Romania,2015,1857
Romania,2014,1623
Romania,2013,1574
Romania,2012,1705
Ukraine,2008,1367
Ukraine,2007,1688
Ukraine,1996,871
Ukraine,1995,915
Ukraine,1994,887
Ukraine,1993,839
Ukraine,2006,1283
Ukraine,2005,1189
Ukraine,2004,1132
Ukraine,2003,996
Ukraine,2002,789
Ukraine,2001,788
Ukraine,2000,747
Ukraine,1999,773
Ukraine,1998,807
Ukraine,1997,836
Ukraine,2021,719
Ukraine,2020,766
Ukraine,2019,779
Ukraine,2018,731
Ukraine,2017,816
Ukraine,2016,788
Ukraine,2015,738
Ukraine,2014,725
Ukraine,2013,825
Ukraine,2012,823
Ukraine,2011,835
Ukraine,2010,850
Australia,2002,1426
Austria,1999,6877.5
Belgium,1999,7084
Canada,2009,5078
Chile,2011,3232.9
Costa Rica,2018,3883.2
Czechia,2009,2597
Denmark,2009,896
Estonia,2015,1312
Finland,1999,1752
France,1999,2847
Germany,1999,6400
Greece,2002,2063
Hungary,2007,2852
Iceland,2005,3423.9
Ireland,1999,3332
Israel,1999,7747
Italy,1999,5675
Japan,2005,9056
Korea,1999,8591
Latvia,2011,2052
Lithuania,2011,1294
Luxembourg,1999,3547
Mexico,2017,806.7
Netherlands,2000,2894
New Zealand,2016,8019
Norway,1999,2568
Poland,2007,1659
Portugal,2009,4387
Slovak Republic,2009,1552
Slovenia,2013,4281.9
Spain,2009,2696
Sweden,1999,2480
Switzerland,1999,4095
Türkiye,1999,1894
United Kingdom,2000,5628
United States,2009,7216
Bulgaria,2011,1130
Croatia,2011,4219
Romania,2011,1662
Ukraine,2009,992
